{"cameraMode":{"drawMode":0,"name":"Shaded","section":"Shading Mode"},"sceneLighting":true,"audioPlay":false,"sceneViewState":{"showFog":true,"showMaterialUpdate":true,"showSkybox":true,"showFlares":true,"showImageEffects":true,"showParticleSystems":true},"in2DMode":false,"pivot":{"x":-27.33111572265625,"y":97.15473937988281,"z":122.72871398925781},"rotation":{"x":-0.119305819272995,"y":0.40074050426483157,"z":-0.05272283777594566,"w":-0.9068592190742493},"size":697.3916625976563,"orthographic":false}