{"cameraMode":{"drawMode":0,"name":"Shaded","section":"Shading Mode"},"sceneLighting":true,"audioPlay":false,"sceneViewState":{"showFog":true,"showMaterialUpdate":true,"showSkybox":true,"showFlares":true,"showImageEffects":true,"showParticleSystems":true},"in2DMode":false,"pivot":{"x":-7.7205047607421879,"y":24.785388946533204,"z":76.44154357910156},"rotation":{"x":-0.10013975203037262,"y":0.5621761679649353,"z":-0.06882017105817795,"w":-0.8180426359176636},"size":177.2620391845703,"orthographic":false}